model,mse_test,mae_test,mse_train,mae_train,perc_improv_mse,perc_improv_mae,training_time,port
simple_mean,941875.941266418,783.4986886823856,926492.8799003895,774.7441014301068,0.0,0.0,0.027001142501831055,al_basrah
linear_regression,2.567222216630828e+25,229833641373.4573,678362.8752778498,624.5346068392581,-2.725647937433266e+21,-29334272527.81638,0.06252288818359375,al_basrah
lasso_regression,764214.3829396823,660.12049523634,680936.3301511816,626.7206091153141,18.862522179710552,15.747083591617924,6.289764404296875,al_basrah
ridge_regression,767811.1614611262,662.2256497825532,680072.3051842502,626.1110153954849,18.480648265763065,15.478397175594253,0.42712831497192383,al_basrah
support_vector_regression,813153.1412183532,643.4265843964862,751101.8040187774,610.4335565112451,13.666640627319559,17.877771374634907,12.279227256774902,al_basrah
random_forest,766045.182466092,671.6245179848762,311945.52945009636,432.3017488722971,18.668144189340815,14.278794886772413,944.782060623169,al_basrah
xgboost,787959.7493348492,648.1285760824572,435177.9137248149,478.62822300450574,16.341450629327863,17.27764379894254,511.44177317619324,al_basrah
neural_network,773953.796875,649.2454223632812,565230.1784274194,562.663818359375,17.828477937936807,17.135097768303716,888.1082496643066,al_basrah
