model,mse_test,mae_test,mse_train,mae_train,perc_improv_mse,perc_improv_mae,training_time,port
simple_mean,116325.45985059955,210.99825174825176,105449.8978601108,196.49284856879038,0.0,0.0,0.012000560760498047,al_jubayl
linear_regression,74578.97636701677,180.13543487762237,57963.812322462654,153.56484375,35.887658245408275,14.62704862002967,0.014011859893798828,al_jubayl
lasso_regression,68487.71786088767,151.68906668427965,67631.06011390037,143.21973044076617,41.12405147690918,28.108851411117687,4.846843719482422,al_jubayl
ridge_regression,68541.57657072223,162.97221425847565,61408.04095050606,148.57916142193596,41.07775145806229,22.761343798752133,0.2993350028991699,al_jubayl
support_vector_regression,104946.85034457053,129.4391212534637,94141.18638762138,111.73875499791713,9.78170171916185,38.653936617493244,46.33968806266785,al_jubayl
random_forest,62290.68677019135,120.0609284896734,13380.880218479004,51.92838947323924,46.451372854925104,43.098614564389074,414.79510951042175,al_jubayl
xgboost,82253.39015085602,117.37457511183266,26294.92197083009,55.88098175037783,29.290294440704006,44.37177837289585,241.0589623451233,al_jubayl
neural_network,90398.290625,137.98741149902344,18396.112711588543,54.30711364746094,22.288473442442125,34.60258065850693,438.6521122455597,al_jubayl
