model,mse_test,mae_test,mse_train,mae_train,perc_improv_mse,perc_improv_mae,training_time,port
simple_mean,116325.45985059955,210.99825174825176,105449.8978601108,196.4928485687904,0.0,0.0,0.0140001773834228,al_jubayl
linear_regression,74578.97636701677,180.13543487762237,57963.812322462654,153.56484375,35.887658245408275,14.62704862002967,0.0390090942382812,al_jubayl
lasso_regression,68487.71786088767,151.68906668427965,67631.06011390037,143.21973044076617,41.12405147690918,28.108851411117687,4.274706602096558,al_jubayl
ridge_regression,68541.57657072223,162.97221425847565,61408.04095050606,148.57916142193596,41.07775145806229,22.761343798752133,0.2985970973968506,al_jubayl
support_vector_regression,104946.85034457051,129.4391212534637,94141.18638762138,111.73875499791713,9.78170171916185,38.65393661749325,40.42840218544006,al_jubayl
random_forest,62290.68677019135,120.0609284896734,13380.880218479004,51.92838947323924,46.451372854925104,43.098614564389074,406.4063134193421,al_jubayl
xgboost,82253.39015085602,117.37457511183266,26294.92197083009,55.88098175037783,29.29029444070401,44.37177837289585,232.05643391609192,al_jubayl
neural_network,73623.3251953125,127.58629608154295,20432.91906738281,57.05502700805664,36.70919049890776,39.53206008845517,404.1472296714783,al_jubayl
