model,mse_test,mae_test,mse_train,mae_train,perc_improv_mse,perc_improv_mae,training_time,port
simple_mean,262477.68859622267,387.1127784406484,259870.99702632488,389.8972467693236,0.0,0.0,0.011005640029907227,ras_tanurah
linear_regression,4.052835805648012e+27,2881838199279.3203,178526.1995923293,305.75218737986927,-1.544068689161086e+24,-744444089523.6547,0.03000354766845703,ras_tanurah
lasso_regression,188261.77426170118,301.99658835014316,192896.72078316894,311.89668111476055,28.275132538480275,21.987440051286022,4.762091159820557,ras_tanurah
ridge_regression,190271.05182090914,305.62460275774384,181679.64211678822,305.3041756010499,27.509628403651163,21.050241743801855,0.359607458114624,ras_tanurah
support_vector_regression,237968.7845602494,268.2721504854606,241101.76120513643,276.45697441174593,9.337518997157911,30.69922631691382,12.507462739944458,ras_tanurah
random_forest,167807.8269996151,253.88652395585035,41907.754296206425,136.4258708233983,36.06777478989503,34.41535952945147,926.963681936264,ras_tanurah
xgboost,161927.9199952292,240.72283447765912,87537.15588619992,177.68725450242988,38.30792976681237,37.815838720868676,470.54217767715454,ras_tanurah
neural_network,207455.33203125,283.7966003417969,88173.28918850806,198.4763641357422,20.962679479250983,26.68890924113264,859.2596035003662,ras_tanurah
