model,mse_test,mae_test,mse_train,mae_train,perc_improv_mse,perc_improv_mae,training_time,port
simple_mean,13184483.818679538,2805.5210115857703,11639739.272142697,2685.2531298819144,0.0,0.0,0.024427413940429688,ras_tanurah
linear_regression,11928224.29500715,2603.611986607143,9342820.601334888,2293.274673990711,9.528317838977824,7.196845938590986,0.04477858543395996,ras_tanurah
lasso_regression,11744088.205789248,2580.9462105195375,9566298.171984967,2329.7839092049558,10.924929885002884,8.004744934677781,6.8674540519714355,ras_tanurah
ridge_regression,11737973.34305451,2582.4863564998855,9509651.99701249,2325.8872944283894,10.971309120009971,7.949847966378927,0.5439286231994629,ras_tanurah
support_vector_regression,12944756.193267617,2411.5607021332066,10874764.12254057,2186.069743728552,1.8182556762084117,14.04232254278804,53.84333395957947,ras_tanurah
random_forest,11143785.497833094,2500.8866755693994,5540859.981563671,1771.1617529748014,15.478029696962572,10.858387257067161,2096.821976184845,ras_tanurah
xgboost,13135402.19777348,2374.3167060416085,9721714.341092926,2041.3653852565667,0.3722680506954613,15.369847659791052,845.8194370269775,ras_tanurah
neural_network,12532753.681818182,2598.96435546875,7590253.301136363,2024.333740234375,4.9431600495272825,7.362506117901713,2010.261365890503,ras_tanurah
