model,mse_test,mae_test,mse_train,mae_train,perc_improv_mse,perc_improv_mae,training_time,port
simple_mean,938215.6318255272,769.4160207044566,930280.3211728318,774.9723923747001,0.0,0.0,0.01400446891784668,al_basrah_large
linear_regression,818189.1146067416,689.7977528089888,658409.113764045,619.4488764044944,12.79306303874353,10.34788277771647,0.018995046615600586,al_basrah_large
lasso_regression,803463.7442383933,683.7887589956116,661269.69335591,620.8422257455607,14.362571142088228,11.128863892182412,4.5805487632751465,al_basrah_large
ridge_regression,803290.1528715539,683.5244304367037,660456.3184705622,620.5867747308832,14.381073431002516,11.163218331366807,0.33506155014038086,al_basrah_large
support_vector_regression,785790.6307573289,644.1797838102043,720190.1758437314,609.2970090145245,16.246265346444748,16.276790906899677,8.510300397872925,al_basrah_large
random_forest,833058.0649783759,689.4603824755436,305138.70247233665,429.46731154388164,11.20825141684557,10.391730361386001,840.5297591686249,al_basrah_large
xgboost,829081.85773541,664.9615040296919,402967.0300051314,462.4245669632815,11.632056681657588,13.57581774540241,456.48275208473206,al_basrah_large
neural_network,862386.9642857143,695.2415161132812,536997.5245535715,555.6006469726562,8.08222171616025,9.640363937738545,713.4675920009613,al_basrah_large
