model,mse_test,mae_test,mse_train,mae_train,perc_improv_mse,perc_improv_mae,training_time,port
simple_mean,7130745.359640795,2046.2791778505664,6286214.424445652,1985.4676150959226,0.0,0.0,0.012525320053100586,fujairah_large
linear_regression,5415771.7296137335,1638.008583690987,3736901.085575888,1439.48654467169,24.050411892894346,19.951852053170533,0.01699995994567871,fujairah_large
lasso_regression,4949897.601270428,1540.3454782712497,3873076.1014996828,1448.212162193461,30.58372790471128,24.724568624636785,4.157276391983032,fujairah_large
ridge_regression,4794652.787019072,1504.2382463359584,4017401.5401130505,1473.5532364155392,32.76084693535321,26.489099697724217,0.29488468170166016,fujairah_large
support_vector_regression,5511955.311709454,1457.8300382578811,4923376.491612945,1393.3154397146395,22.701554554079404,28.75703110123998,2.7764062881469727,fujairah_large
random_forest,4423777.295374007,1414.8029099015148,1098128.207163042,754.5127165200163,37.96192302123026,30.85973188723745,625.3523371219635,fujairah_large
xgboost,5874329.386718748,1438.73039590238,2351598.7658831985,917.3144406971428,17.61970045983156,29.690415097042727,315.2659065723419,fujairah_large
neural_network,5830165.875,1627.5743408203125,2096201.85,1023.6785278320312,18.23903980644052,20.46176502025818,602.5691990852356,fujairah_large
