model,mse_test,mae_test,mse_train,mae_train,perc_improv_mse,perc_improv_mae,training_time,port
simple_mean,12.377902703063917,2.5486818804503995,11.817442948311005,2.48389521868422,0.0,0.0,0.010003328323364258,al_jubayl_large
linear_regression,3.681886252556323e+24,145885501319.7944,9.833470390016762,2.2307856565265984,-2.974563898975342e+25,-5723958821077.547,0.010010242462158203,al_jubayl_large
lasso_regression,12.088597958088288,2.498809815353856,11.128623530259436,2.390765658751127,2.337267887103501,1.9567787364553353,3.8273653984069824,al_jubayl_large
ridge_regression,12.67940479752392,2.5581555393568456,10.479613137611365,2.3012697216567957,-2.4358092133441342,-0.3717081750811508,0.23108625411987305,al_jubayl_large
support_vector_regression,14.917381533656657,1.6238440241369647,14.11133744019552,1.5646208352251105,-20.516228730446716,36.28690828021262,49.34038710594177,al_jubayl_large
random_forest,12.743681374091675,2.5192370283472814,3.876124890775864,1.397126201492471,-2.9550940882514514,1.1552972667547916,221.7780303955078,al_jubayl_large
xgboost,12.922338789945487,2.2378531978654035,6.8029503379463225,1.578827717917503,-4.398451821299296,12.195664157586696,140.46735906600952,al_jubayl_large
neural_network,15.68108336130778,2.5470521450042725,3.7387610999020664,1.2839001417160034,-26.68610941194603,0.06394424736283624,186.00393176078796,al_jubayl_large
